{
    "BM": [
        128,
        128,
        128,
        128,
        128,
        128,
        128,
        128,
        128,
        128
    ],
    "BN": [
        128,
        128,
        256,
        256,
        256,
        256,
        256,
        256,
        256,
        256
    ],
    "dur": [
        0.8705945611000061,
        0.8775066137313843,
        0.8813568949699402,
        0.8829030394554138,
        0.8833637833595276,
        0.8840704560279846,
        0.8852480053901672,
        0.8853606581687927,
        0.8870809674263,
        0.8888627886772156
    ],
    "Algo": [
        5,
        4,
        76,
        77,
        58,
        59,
        70,
        65,
        64,
        71
    ]
}